{"accuracy": [0.38360902667045593, 0.9027067422866821, 0.9572932124137878, 0.9732331037521362, 0.9819548726081848, 0.9875187873840332, 0.9902255535125732, 0.9908270835876465, 0.9894737005233765, 0.9926315546035767, 0.9926315546035767, 0.9944360852241516, 0.994135320186615, 0.9938346147537231, 0.9966917037963867, 0.9956390857696533, 0.9959398508071899, 0.9975939989089966, 0.996842086315155], "loss": [2.476867914199829, 0.4422101378440857, 0.2686103284358978, 0.21696047484874725, 0.1941813826560974, 0.17781420052051544, 0.16797176003456116, 0.16463115811347961, 0.16149036586284637, 0.15016721189022064, 0.15140636265277863, 0.14265160262584686, 0.14191791415214539, 0.137800395488739, 0.13063204288482666, 0.13326731324195862, 0.12992450594902039, 0.12697631120681763, 0.12602800130844116], "val_accuracy": [0.8212947845458984, 0.9127876162528992, 0.927768886089325, 0.9588015079498291, 0.9571963548660278, 0.9636169075965881, 0.9502407908439636, 0.9716426134109497, 0.9652220606803894, 0.9390048384666443, 0.9678972959518433, 0.9652220606803894, 0.9523809552192688, 0.9678972959518433, 0.9721776247024536, 0.9775280952453613, 0.9802033305168152, 0.9764580130577087, 0.9775280952453613], "val_loss": [0.7164075374603271, 0.4357393980026245, 0.43756750226020813, 0.3659842014312744, 0.3679952919483185, 0.3587178885936737, 0.4037836492061615, 0.3585512340068817, 0.3100159466266632, 0.5140995979309082, 0.4264497756958008, 0.3959386944770813, 0.38185298442840576, 0.35672876238822937, 0.36458346247673035, 0.3517863154411316, 0.33201366662979126, 0.313501238822937, 0.3268355131149292], "learning_rate": [9.999999747378752e-05, 9.999999747378752e-05, 9.999999747378752e-05, 9.999999747378752e-05, 9.999999747378752e-05, 9.999999747378752e-05, 9.999999747378752e-05, 9.999999747378752e-05, 9.999999747378752e-05, 9.999999747378752e-05, 9.999999747378752e-05, 9.999999747378752e-05, 9.999999747378752e-05, 9.999999747378752e-05, 1.9999999494757503e-05, 1.9999999494757503e-05, 1.9999999494757503e-05, 1.9999999494757503e-05, 1.9999999494757503e-05]}